{
  "total": 100,
  "by_category": {
    "OBVIOUS_FRAUD": {
      "count": 12,
      "investigation_avg": 0.6666666666666666,
      "reasoning_avg": 0.05000000000000001,
      "decision_avg": 0.6666666666666666,
      "weighted_score_avg": 0.41999999999999993
    },
    "VIP_CUSTOMER": {
      "count": 12,
      "investigation_avg": 0.5833333333333334,
      "reasoning_avg": 0.0,
      "decision_avg": 0.08333333333333333,
      "weighted_score_avg": 0.19999999999999998
    },
    "LOOKS_BAD_IS_GOOD": {
      "count": 15,
      "investigation_avg": 0.5333333333333333,
      "reasoning_avg": 0.26666666666666666,
      "decision_avg": 0.13333333333333333,
      "weighted_score_avg": 0.30666666666666664
    },
    "LOOKS_GOOD_IS_BAD": {
      "count": 15,
      "investigation_avg": 0.6666666666666666,
      "reasoning_avg": 0.3333333333333333,
      "decision_avg": 0.84,
      "weighted_score_avg": 0.5853333333333333
    },
    "WAREHOUSE_OPERATIONAL": {
      "count": 12,
      "investigation_avg": 0.6666666666666666,
      "reasoning_avg": 0.4166666666666667,
      "decision_avg": 0.0,
      "weighted_score_avg": 0.36666666666666664
    },
    "SECURITY_THREAT": {
      "count": 12,
      "investigation_avg": 0.5,
      "reasoning_avg": 0.2916666666666667,
      "decision_avg": 0.7166666666666667,
      "weighted_score_avg": 0.48166666666666663
    },
    "NO_EXPLICIT_NOTE": {
      "count": 12,
      "investigation_avg": 0.3333333333333333,
      "reasoning_avg": 0.75,
      "decision_avg": 0.39999999999999997,
      "weighted_score_avg": 0.52
    },
    "EDGE_CASE": {
      "count": 10,
      "investigation_avg": 0.7,
      "reasoning_avg": 0.4,
      "decision_avg": 0.7,
      "weighted_score_avg": 0.5800000000000001
    }
  }
}